25,200,1669957271.7696044,1669957272.791859,1.022254467010498
25,200,1669957271.7716053,1669957273.7940307,2.022425413131714
25,200,1669957271.7691047,1669957274.7966113,3.0275065898895264
25,200,1669957271.7696044,1669957275.8020318,4.0324273109436035
25,200,1669957271.7721052,1669957276.8053176,5.033212423324585
25,200,1669957271.7701054,1669957277.8201885,6.050083160400391
25,200,1669957271.7701054,1669957278.821566,7.0514607429504395
25,200,1669957271.7701054,1669957279.8273394,8.057234048843384
25,200,1669957271.7706044,1669957280.8305511,9.059946775436401
25,200,1669957271.7736049,1669957281.8335543,10.059949398040771
25,200,1669957271.7706044,1669957282.8372202,11.06661581993103
25,200,1669957271.7706044,1669957283.85105,12.080445528030396
25,200,1669957271.7791042,1669957284.8632503,13.08414602279663
25,200,1669957271.7716053,1669957285.878815,14.1072096824646
25,200,1669957271.7711055,1669957286.8927324,15.121626853942871
25,200,1669957271.7781048,1669957287.9038644,16.125759601593018
25,200,1669957271.7711055,1669957288.9171047,17.14599919319153
25,200,1669957271.7711055,1669957289.9186137,18.147508144378662
25,200,1669957271.7836041,1669957290.930772,19.147167921066284
25,200,1669957271.7846043,1669957291.9444108,20.159806489944458
25,200,1669957271.786105,1669957292.958125,21.172020196914673
25,200,1669957271.786105,1669957293.971558,22.185453176498413
25,200,1669957271.7871046,1669957294.985486,23.198381423950195
25,200,1669957271.7881048,1669957295.988246,24.200141191482544
25,200,1669957271.7886047,1669957297.0042608,25.215656042099
50,200,1669957297.0064569,1669957298.0337765,1.0273196697235107
50,200,1669957297.0084825,1669957299.034486,2.02600359916687
50,200,1669957297.0054948,1669957300.047674,3.0421791076660156
50,200,1669957297.0129533,1669957301.0601401,4.047186851501465
50,200,1669957297.0179493,1669957302.0710354,5.053086042404175
50,200,1669957297.0259488,1669957303.0859852,6.0600364208221436
50,200,1669957297.0324492,1669957304.0990279,7.06657862663269
50,200,1669957297.0379484,1669957305.1133428,8.07539439201355
50,200,1669957297.0399487,1669957306.128243,9.088294267654419
50,200,1669957297.0439491,1669957307.1420796,10.098130464553833
50,200,1669957297.0484486,1669957308.1560097,11.107561111450195
50,200,1669957297.0514483,1669957309.1703973,12.118948936462402
50,200,1669957297.057449,1669957310.1845315,13.127082347869873
50,200,1669957297.053948,1669957311.198522,14.144574165344238
50,200,1669957297.0549493,1669957312.2128303,15.157881021499634
50,200,1669957297.0595124,1669957313.227575,16.168062686920166
50,200,1669957297.0604477,1669957314.2406867,17.180238962173462
50,200,1669957297.0609477,1669957315.25466,18.19371223449707
50,200,1669957297.0624478,1669957316.2543435,19.191895723342896
50,200,1669957297.0614471,1669957317.2693694,20.207922220230103
50,200,1669957297.0644472,1669957318.2860842,21.22163701057434
50,200,1669957297.0629473,1669957319.2998438,22.236896514892578
50,200,1669957297.0654473,1669957320.301578,23.236130714416504
50,200,1669957297.0664473,1669957321.3157175,24.24927020072937
50,200,1669957297.067448,1669957322.3312457,25.263797760009766
50,200,1669957297.068948,1669957323.3443928,26.275444746017456
50,200,1669957297.0679479,1669957324.3562095,27.288261651992798
50,200,1669957297.069448,1669957325.3575082,28.288060188293457
50,200,1669957297.0704474,1669957326.3721063,29.301658868789673
50,200,1669957297.070948,1669957327.3862445,30.31529664993286
50,200,1669957297.0719478,1669957328.399782,31.327834129333496
50,200,1669957297.0734487,1669957329.4017642,32.3283154964447
50,200,1669957297.0734487,1669957330.4157753,33.342326641082764
50,200,1669957297.0744488,1669957331.430502,34.35605311393738
50,200,1669957297.0749476,1669957332.4306803,35.355732679367065
50,200,1669957297.0759478,1669957333.446735,36.370787143707275
50,200,1669957297.0769477,1669957334.4604497,37.38350200653076
50,200,1669957297.0779476,1669957335.4607866,38.38283896446228
50,200,1669957297.0784483,1669957336.475232,39.39678359031677
50,200,1669957297.0794482,1669957337.4897006,40.41025233268738
50,200,1669957297.0799477,1669957338.5033605,41.423412799835205
50,200,1669957297.0809476,1669957339.503737,42.422789335250854
50,200,1669957297.0819476,1669957340.517867,43.435919523239136
50,200,1669957297.082447,1669957341.5317335,44.449286460876465
50,200,1669957297.0834475,1669957342.545238,45.461790561676025
50,200,1669957297.0844471,1669957343.559828,46.47538089752197
50,200,1669957297.084947,1669957344.5734425,47.48849534988403
50,200,1669957297.0859478,1669957345.5869114,48.50096368789673
50,200,1669957297.0869477,1669957346.59919,49.51224231719971
50,200,1669957297.0874481,1669957347.6129816,50.52553343772888
100,200,1669957347.615217,1669957348.6446493,1.0294322967529297
100,200,1669957347.6142178,1669957349.6565943,2.0423765182495117
100,200,1669957347.619671,1669957350.6690059,3.049334764480591
100,200,1669957347.6171718,1669957351.6836512,4.066479444503784
100,200,1669957347.62417,1669957352.69916,5.0749900341033936
100,200,1669957347.628174,1669957353.7124703,6.084296226501465
100,200,1669957347.6306696,1669957354.712672,7.082002401351929
100,200,1669957347.632168,1669957355.7263281,8.094160079956055
100,200,1669957347.6331673,1669957356.7371597,9.103992462158203
100,200,1669957347.6336682,1669957357.7412946,10.10762643814087
100,200,1669957347.6346679,1669957358.7536871,11.119019269943237
100,200,1669957347.6356683,1669957359.768127,12.132458686828613
100,200,1669957347.6371684,1669957360.7685192,13.131350755691528
100,200,1669957347.6381688,1669957361.7702177,14.132048845291138
100,200,1669957347.6396682,1669957362.7838726,15.144204378128052
100,200,1669957347.640668,1669957363.7983813,16.157713413238525
100,200,1669957347.6411679,1669957364.812807,17.17163920402527
100,200,1669957347.6426678,1669957365.8138123,18.171144485473633
100,200,1669957347.643168,1669957366.8294022,19.18623423576355
100,200,1669957347.6441681,1669957367.8430817,20.19891357421875
100,200,1669957347.6446679,1669957368.8568017,21.21213388442993
100,200,1669957347.645668,1669957369.8576956,22.212027549743652
100,200,1669957347.6466677,1669957370.8713129,23.224645137786865
100,200,1669957347.647168,1669957371.8860939,24.23892593383789
100,200,1669957347.6481671,1669957372.9013853,25.253218173980713
100,200,1669957347.649168,1669957373.915925,26.266757011413574
100,200,1669957347.6496685,1669957374.929611,27.279942512512207
100,200,1669957347.6506677,1669957375.9444015,28.293733835220337
100,200,1669957347.651668,1669957376.9568172,29.30514907836914
100,200,1669957347.6536672,1669957377.9694843,30.31581711769104
100,200,1669957347.652668,1669957378.984472,31.331804037094116
100,200,1669957347.6556675,1669957379.998078,32.34241056442261
100,200,1669957347.655168,1669957381.0128644,33.357696294784546
100,200,1669957347.6561682,1669957382.0265586,34.37039041519165
100,200,1669957347.6581678,1669957383.0385208,35.38035297393799
100,200,1669957347.658668,1669957384.054409,36.39574098587036
100,200,1669957347.659168,1669957385.0691953,37.410027265548706
100,200,1669957347.6596677,1669957386.0834246,38.42375683784485
100,200,1669957347.660668,1669957387.096563,39.43589520454407
100,200,1669957347.6621678,1669957388.1123881,40.450220346450806
100,200,1669957347.6636677,1669957389.1132448,41.44957709312439
100,200,1669957347.6636677,1669957390.1280227,42.46435499191284
100,200,1669957347.6646674,1669957391.1407666,43.476099252700806
100,200,1669957347.6661673,1669957392.1557791,44.489611864089966
100,200,1669957347.665167,1669957393.1669695,45.50180244445801
100,200,1669957347.6671677,1669957394.1804163,46.513248682022095
100,200,1669957347.6681676,1669957395.1953893,47.5272216796875
100,200,1669957347.6686676,1669957396.2090402,48.54037261009216
100,200,1669957347.6696687,1669957397.2213953,49.55172657966614
100,200,1669957347.670668,1669957398.2229636,50.55229568481445
100,200,1669957347.671668,1669957399.236951,51.56528306007385
100,200,1669957347.672668,1669957400.251629,52.57896113395691
100,200,1669957347.6731677,1669957401.2650964,53.59192872047424
100,200,1669957347.673668,1669957402.2650933,54.59142541885376
100,200,1669957347.6746676,1669957403.2792053,55.60453772544861
100,200,1669957347.675668,1669957404.2930522,56.61738419532776
100,200,1669957347.676668,1669957405.3055065,57.628838539123535
100,200,1669957347.6776676,1669957406.3092191,58.63155150413513
100,200,1669957347.6781678,1669957407.3234916,59.645323753356934
100,200,1669957347.6786678,1669957408.3364694,60.65780162811279
100,200,1669957347.6796677,1669957409.3383088,61.65864109992981
100,200,1669957347.680168,1669957410.3529463,62.672778367996216
100,200,1669957347.6821678,1669957411.3658333,63.68366551399231
100,200,1669957347.6826677,1669957412.3786855,64.69601774215698
100,200,1669957347.6841674,1669957413.3939757,65.70980834960938
100,200,1669957347.6836674,1669957414.4059744,66.72230696678162
100,200,1669957347.684667,1669957415.4204323,67.73576521873474
100,200,1669957347.6856673,1669957416.4216099,68.73594260215759
100,200,1669957347.6861684,1669957417.4367204,69.75055193901062
100,200,1669957347.688168,1669957418.4488604,70.76069235801697
100,200,1669957347.6876671,1669957419.4623759,71.77470874786377
100,200,1669957347.689668,1669957420.476777,72.78710913658142
100,200,1669957347.6916687,1669957421.4771237,73.78545498847961
100,200,1669957347.6921685,1669957422.4929805,74.8008120059967
100,200,1669957347.693668,1669957423.505007,75.81133913993835
100,200,1669957347.6946678,1669957424.5061703,76.81150245666504
100,200,1669957347.693668,1669957425.519364,77.82569622993469
100,200,1669957347.6961677,1669957426.5306745,78.83450675010681
100,200,1669957347.6971679,1669957427.546176,79.8490080833435
100,200,1669957347.6986682,1669957428.5593371,80.86066889762878
100,200,1669957347.6991673,1669957429.5738556,81.87468838691711
100,200,1669957347.700168,1669957430.5743375,82.87416958808899
100,200,1669957347.7016678,1669957431.5879762,83.88630843162537
100,200,1669957347.702668,1669957432.6014838,84.89881587028503
100,200,1669957347.7036679,1669957433.615386,85.9117181301117
100,200,1669957347.704668,1669957434.627431,86.92276287078857
100,200,1669957347.7061682,1669957435.6406934,87.93452525138855
100,200,1669957347.7066674,1669957436.655009,88.94834160804749
100,200,1669957347.7081678,1669957437.667867,89.95969915390015
100,200,1669957347.7086673,1669957438.6798925,90.97122526168823
100,200,1669957347.7096674,1669957439.6939933,91.9843258857727
100,200,1669957347.7106674,1669957440.7068717,92.9962043762207
100,200,1669957347.7116678,1669957441.720063,94.00839519500732
100,200,1669957347.7121677,1669957442.7352016,95.02303385734558
100,200,1669957347.7131677,1669957443.74826,96.0350923538208
100,200,1669957347.713668,1669957444.7634828,97.04981470108032
100,200,1669957347.7141678,1669957445.7781055,98.06393766403198
100,200,1669957347.715168,1669957446.7899754,99.0748074054718
100,200,1669957347.715668,1669957447.8064668,100.09079885482788
100,200,1669957347.7161677,1669957448.821338,101.10517024993896
